{
  "$schema": "https://raw.githubusercontent.com/spdx/spdx-spec/v2.2.1/schemas/spdx-schema.json",
  "spdxVersion": "SPDX-2.2",
  "dataLicense": "CC0-1.0",
  "SPDXID": "SPDXRef-DOCUMENT",
  "documentNamespace": "https://spdx.org/spdxdocs/ncurses-x64-mingw-static-6.4#2-f3d5c89c-b118-4050-bfdd-68472d2638ee",
  "name": "ncurses:x64-mingw-static@6.4#2 96b508b5f9e6144f92073472e5fca886e77399aaa15ee97162cf8975ad23e44a",
  "creationInfo": {
    "creators": [
      "Tool: vcpkg-2024-10-18-e392d7347fe72dff56e7857f7571c22301237ae6"
    ],
    "created": "2025-04-10T10:13:46Z"
  },
  "relationships": [
    {
      "spdxElementId": "SPDXRef-port",
      "relationshipType": "GENERATES",
      "relatedSpdxElement": "SPDXRef-binary"
    },
    {
      "spdxElementId": "SPDXRef-port",
      "relationshipType": "CONTAINS",
      "relatedSpdxElement": "SPDXRef-file-0"
    },
    {
      "spdxElementId": "SPDXRef-port",
      "relationshipType": "CONTAINS",
      "relatedSpdxElement": "SPDXRef-file-1"
    },
    {
      "spdxElementId": "SPDXRef-port",
      "relationshipType": "CONTAINS",
      "relatedSpdxElement": "SPDXRef-file-2"
    },
    {
      "spdxElementId": "SPDXRef-binary",
      "relationshipType": "GENERATED_FROM",
      "relatedSpdxElement": "SPDXRef-port"
    },
    {
      "spdxElementId": "SPDXRef-file-0",
      "relationshipType": "CONTAINED_BY",
      "relatedSpdxElement": "SPDXRef-port"
    },
    {
      "spdxElementId": "SPDXRef-file-1",
      "relationshipType": "CONTAINED_BY",
      "relatedSpdxElement": "SPDXRef-port"
    },
    {
      "spdxElementId": "SPDXRef-file-2",
      "relationshipType": "CONTAINED_BY",
      "relatedSpdxElement": "SPDXRef-port"
    }
  ],
  "packages": [
    {
      "name": "ncurses",
      "SPDXID": "SPDXRef-port",
      "versionInfo": "6.4#2",
      "downloadLocation": "git+https://github.com/Microsoft/vcpkg#ports/ncurses",
      "homepage": "https://invisible-island.net/ncurses/announce.html",
      "licenseConcluded": "MIT",
      "licenseDeclared": "NOASSERTION",
      "copyrightText": "NOASSERTION",
      "description": "Free software emulation of curses in System V Release 4.0, and more",
      "comment": "This is the port (recipe) consumed by vcpkg."
    },
    {
      "name": "ncurses:x64-mingw-static",
      "SPDXID": "SPDXRef-binary",
      "versionInfo": "96b508b5f9e6144f92073472e5fca886e77399aaa15ee97162cf8975ad23e44a",
      "downloadLocation": "NONE",
      "licenseConcluded": "MIT",
      "licenseDeclared": "NOASSERTION",
      "copyrightText": "NOASSERTION",
      "comment": "This is a binary package built by vcpkg."
    },
    {
      "SPDXID": "SPDXRef-resource-1",
      "name": "ncurses-${VERSION}.tgz",
      "packageFileName": "ncurses-${VERSION}.tgz",
      "downloadLocation": "https://invisible-mirror.net/archives/ncurses/ncurses-${VERSION}.tar.gz",
      "licenseConcluded": "NOASSERTION",
      "licenseDeclared": "NOASSERTION",
      "copyrightText": "NOASSERTION",
      "checksums": [
        {
          "algorithm": "SHA512",
          "checksumValue": "1c2efff87a82a57e57b0c60023c87bae93f6718114c8f9dc010d4c21119a2f7576d0225dab5f0a227c2cfc6fb6bdbd62728e407f35fce5bf351bb50cf9e0fd34"
        }
      ]
    }
  ],
  "files": [
    {
      "fileName": ".//home/azeem/Downloads/software/vcpkg/ports/ncurses/vcpkg.json",
      "SPDXID": "SPDXRef-file-0",
      "checksums": [
        {
          "algorithm": "SHA256",
          "checksumValue": "cfec0ed8999382bd585213557190b13ef20b9f4f6430bb2ae75809059d8bb8ad"
        }
      ],
      "licenseConcluded": "NOASSERTION",
      "copyrightText": "NOASSERTION"
    },
    {
      "fileName": ".//home/azeem/Downloads/software/vcpkg/ports/ncurses/portfile.cmake",
      "SPDXID": "SPDXRef-file-1",
      "checksums": [
        {
          "algorithm": "SHA256",
          "checksumValue": "c870d9fa243855a277af52e735dd820114e74b2d80c674c77842194a1aa866d4"
        }
      ],
      "licenseConcluded": "NOASSERTION",
      "copyrightText": "NOASSERTION"
    },
    {
      "fileName": ".//home/azeem/Downloads/software/vcpkg/ports/ncurses/usage",
      "SPDXID": "SPDXRef-file-2",
      "checksums": [
        {
          "algorithm": "SHA256",
          "checksumValue": "6a7a08975bf88d289042fc15bdf0b96fed5b48edfc702f77d1fe935354a5b62e"
        }
      ],
      "licenseConcluded": "NOASSERTION",
      "copyrightText": "NOASSERTION"
    }
  ]
}
